"gene","FC_RARA","FC_RARG","FC_Combo","category"
"Larp1b",-1.30215875688937,0,0,"RARA Unique (n=136)"
"Tmem106b",-1.80201013686251,0,0,"RARA Unique (n=136)"
"Ivns1abp",-1.13544346734111,0,0,"RARA Unique (n=136)"
"Ccnk",-1.5753677265237,0,0,"RARA Unique (n=136)"
"Atp8b2",-1.0874560953665,0,0,"RARA Unique (n=136)"
"Nicn1",-1.66124732355119,0,0,"RARA Unique (n=136)"
"Lyrm4",-1.68080138094054,0,0,"RARA Unique (n=136)"
"Tenm1",0,0,-0.53122485433013,"Combo Unique (n=173)"
"Scg5",0,0,-0.789982207276827,"Combo Unique (n=173)"
"Zfp729b",-1.87590143712116,0,0,"RARA Unique (n=136)"
"Eid2b",-1.85595818883461,0,0,"RARA Unique (n=136)"
"Rnf146",-1.14375340496475,0,0,"RARA Unique (n=136)"
"Eif4e2",-1.44670027574728,0,0,"RARA Unique (n=136)"
"Wnt7b",-2.29158056840799,0,0,"RARA Unique (n=136)"
"Myg1",-1.76554970038812,0,0,"RARA Unique (n=136)"
"Pecr",-1.61500127886051,0,0,"RARA Unique (n=136)"
"Peak1",-0.791112887982651,0,0,"RARA Unique (n=136)"
"Ube2e1",-1.01721152742446,0,0,"RARA Unique (n=136)"
"Otud7a",0,0,-0.544196536151275,"Combo Unique (n=173)"
"Snx21",-1.36932646799067,0,0,"RARA Unique (n=136)"
"Ap1ar",-1.23415348737464,0,0,"RARA Unique (n=136)"
"Insig2",-1.29579518292345,0,0,"RARA Unique (n=136)"
"Brap",-1.06426357234739,0,0,"RARA Unique (n=136)"
"1810030O07Rik",-1.72318264855189,0,0,"RARA Unique (n=136)"
"Rab8b",-0.925652665374679,0,0,"RARA Unique (n=136)"
"Man1a",0.801719950176678,0,0,"RARA Unique (n=136)"
"Slc24a4",-0.848775286242836,0,0,"RARA Unique (n=136)"
"Cops8",-1.28369218501293,0,0,"RARA Unique (n=136)"
"Gm13944",-1.27909731301357,0,0,"RARA Unique (n=136)"
"Tmem266",-1.58455176253622,0,0,"RARA Unique (n=136)"
"Fra10ac1",-1.41567774089322,0,0,"RARA Unique (n=136)"
"Pebp1",2.40455125510945,0,0,"RARA Unique (n=136)"
"Zfp955b",-1.22618961241662,0,0,"RARA Unique (n=136)"
"Actr5",-1.30636661856993,0,0,"RARA Unique (n=136)"
"Arvcf",-1.36173320097481,0,0,"RARA Unique (n=136)"
"Zbtb25",4.52708600759429,0,0,"RARA Unique (n=136)"
"Psip1",-0.505829459308132,0,0,"RARA Unique (n=136)"
"Exd2",-0.757507529254708,0,0,"RARA Unique (n=136)"
"Msh3",-0.821356916585576,0,0,"RARA Unique (n=136)"
"Bloc1s2",-1.3150760597425,0,0,"RARA Unique (n=136)"
"Ankrd46",-1.32881986735989,0,0,"RARA Unique (n=136)"
"Ppp2r5e",-0.670979617281837,0,0,"RARA Unique (n=136)"
"Shf",-2.04833318355921,0,0,"RARA Unique (n=136)"
"Trank1",0,-0.501415626958931,0,"RARG Unique (n=163)"
"Camkmt",0.57044705044191,0,0,"RARA Unique (n=136)"
"Simc1",-1.17426597377108,0,0,"RARA Unique (n=136)"
"Homer1",0,-0.640945107054326,0,"RARG Unique (n=163)"
"Cdk6",-1.67204886621758,0,0,"RARA Unique (n=136)"
"Inpp4b",-0.954330296309682,0,0,"RARA Unique (n=136)"
"Rnps1",1.50764576678328,0,0,"RARA Unique (n=136)"
"Prrg3",-1.73691528933161,0,0,"RARA Unique (n=136)"
"Casp8ap2",-1.20401465213066,0,0,"RARA Unique (n=136)"
"Gcn1",-0.957187494949775,0,0,"RARA Unique (n=136)"
"Lrriq1",-1.4428813711428,0,0,"RARA Unique (n=136)"
"Psmb5",-1.16745918066747,0,0,"RARA Unique (n=136)"
"Sel1l3",0,0,-0.637094728669515,"Combo Unique (n=173)"
"Zkscan16",-0.941818218990989,0,0,"RARA Unique (n=136)"
"L1cam",-1.09308792598545,0,0,"RARA Unique (n=136)"
"Sik2",-0.54817775416623,0,0,"RARA Unique (n=136)"
"Rnf2",-1.10558517723592,0,0,"RARA Unique (n=136)"
"Nop58",-1.07437947237925,0,0,"RARA Unique (n=136)"
"Pakap",0.682713074750434,0,0,"RARA Unique (n=136)"
"Tmem126a",-1.15096684738659,0,0,"RARA Unique (n=136)"
"Dph5",-1.38082589724426,0,0,"RARA Unique (n=136)"
"Rfwd3",-1.24998772514257,0,0,"RARA Unique (n=136)"
"Lrig1",-1.78765619689951,0,0,"RARA Unique (n=136)"
"Rbm10",-0.912063217801918,0,0,"RARA Unique (n=136)"
"Mterf3",4.37877796782964,0,0,"RARA Unique (n=136)"
"Tbc1d23",0.815337970729627,0,0,"RARA Unique (n=136)"
"Nif3l1",-1.63138846149422,0,0,"RARA Unique (n=136)"
"Setd1b",-1.05224038044912,0,0,"RARA Unique (n=136)"
"Cfap46",-1.53297910727727,0,0,"RARA Unique (n=136)"
"Pmpca",-1.43260639509187,0,0,"RARA Unique (n=136)"
"Dcakd",-1.04997805480216,0,0,"RARA Unique (n=136)"
"Sorbs2os",0.903450043590491,0,0,"RARA Unique (n=136)"
"Sos1",1.03427247664265,0,0,"RARA Unique (n=136)"
"Nptx1",-1.34899598113615,0,0,"RARA Unique (n=136)"
"Dmxl1",0,0,0.672968059294037,"Combo Unique (n=173)"
"Ccdc137",-1.07764143036938,0,0,"RARA Unique (n=136)"
"Arhgap35",-0.593121423737579,0,0,"RARA Unique (n=136)"
"Gng12",-0.566172268511593,0,0,"RARA Unique (n=136)"
"Zfp445",-0.537759689411303,0,0,"RARA Unique (n=136)"
"Znrf1",-0.505228757391262,0,0,"RARA Unique (n=136)"
"Diaph3",-1.09696871685073,0,0,"RARA Unique (n=136)"
"Abcg1",-1.14140875033961,0,0,"RARA Unique (n=136)"
"Mpp2",-0.701366301458104,0,0,"RARA Unique (n=136)"
"Tmem63c",1.32996263851008,0,0,"RARA Unique (n=136)"
"Ppp2r3a",1.04242133751675,0,0,"RARA Unique (n=136)"
"Gars",-0.969728966945879,0,0,"RARA Unique (n=136)"
"4932438A13Rik",-0.505021512416735,0,0,"RARA Unique (n=136)"
"9330175M20Rik",-1.15400322952972,0,0,"RARA Unique (n=136)"
"Atm",-1.01075705675973,0,0,"RARA Unique (n=136)"
"Gna11",-1.33438754972694,0,0,"RARA Unique (n=136)"
"Cd46",-0.798590381476498,0,0,"RARA Unique (n=136)"
"Rhbdl3",1.76258836360967,0,0,"RARA Unique (n=136)"
"Dhdds",0.998420746240954,0,0,"RARA Unique (n=136)"
"Gad2",-1.04568378007878,0,0,"RARA Unique (n=136)"
"Sgpl1",-1.41723993199135,0,0,"RARA Unique (n=136)"
"Zfp462",0.592932472126513,0,0,"RARA Unique (n=136)"
"Ccdc82",-1.15319566256836,0,0,"RARA Unique (n=136)"
"Jade2",3.15779594793885,0,0,"RARA Unique (n=136)"
"Apaf1",-1.39809980217544,0,0,"RARA Unique (n=136)"
"Il1rapl2",0,0,-0.584513900647138,"Combo Unique (n=173)"
"Zer1",1.30640956514578,0,0,"RARA Unique (n=136)"
"Vmn2r87",1.70902422294615,0,0,"RARA Unique (n=136)"
"Gstcd",-1.21542309502613,0,0,"RARA Unique (n=136)"
"Dnm1l",0.810294971151706,0,0,"RARA Unique (n=136)"
"Nfe2l1",-0.871799808116608,0,0,"RARA Unique (n=136)"
"Tmem44",1.56914484295741,0,0,"RARA Unique (n=136)"
"Sbk1",-1.08392160191404,0,0,"RARA Unique (n=136)"
"Stam",1.67492463763993,0,0,"RARA Unique (n=136)"
"Atf2",-0.637157221220078,0,0,"RARA Unique (n=136)"
"Hnrnpd",-0.652222558302542,0,0,"RARA Unique (n=136)"
"Rexo1",-0.768945639333408,0,0,"RARA Unique (n=136)"
"Dcx",-0.776052097801616,0,0,"RARA Unique (n=136)"
"Prpf4",-1.37122053019613,0,0,"RARA Unique (n=136)"
"Hcfc1",-1.11452052357482,0,0,"RARA Unique (n=136)"
"Dido1",0.783320625482886,0,0,"RARA Unique (n=136)"
"Zc3h14",-0.612429618602352,0,0,"RARA Unique (n=136)"
"Nrn1",-0.82988415253901,0,0,"RARA Unique (n=136)"
"Acadsb",1.09433479451136,0,0,"RARA Unique (n=136)"
"Lifr",1.10332623155509,0,0,"RARA Unique (n=136)"
"Nae1",1.35654802252998,0,0,"RARA Unique (n=136)"
"Tecpr1",-1.32946175122146,0,0,"RARA Unique (n=136)"
"Ypel2",1.36317275787181,0,0,"RARA Unique (n=136)"
"Ubb",1.27010509371127,0,0,"RARA Unique (n=136)"
"Zfp655",-1.14090593803094,0,0,"RARA Unique (n=136)"
"Nek9",2.46190643153855,0,0,"RARA Unique (n=136)"
"Zfp362",-1.51545885618195,0,0,"RARA Unique (n=136)"
"Asah1",-0.602212200682515,0,0,"RARA Unique (n=136)"
"6330403K07Rik",-1.36669644038625,0,0,"RARA Unique (n=136)"
"Rnf168",2.49772508596,0,0,"RARA Unique (n=136)"
"Bptf",-0.543601851147599,0,0,"RARA Unique (n=136)"
"Dcun1d2",-0.891507522306907,0,0,"RARA Unique (n=136)"
"Elp3",3.46662692897896,0,0,"RARA Unique (n=136)"
"Gm47591",-0.809784133508922,0,0,"RARA Unique (n=136)"
"Dnaja4",-1.47020177497204,0,0,"RARA Unique (n=136)"
"Phykpl",-1.43800686228435,0,0,"RARA Unique (n=136)"
"Usp42",-1.48459242233872,0,0,"RARA Unique (n=136)"
"Vdac2",-0.9848459157001,0,0,"RARA Unique (n=136)"
"Zfp180",-1.37680192445448,0,0,"RARA Unique (n=136)"
"Pfkfb3",-0.824190263999767,0,0,"RARA Unique (n=136)"
"Foxo3",-0.65062097453385,0,0,"RARA Unique (n=136)"
"Gpr26",1.63595745783742,0,0,"RARA Unique (n=136)"
"Itch",0,0,0.804042418943475,"Combo Unique (n=173)"
"Zscan18",0,0,2.60552024061884,"Combo Unique (n=173)"
"Dpysl2",0,0,-0.640797118269592,"Combo Unique (n=173)"
"Exoc5",0,0,1.20031389584962,"Combo Unique (n=173)"
"Dele1",0,-1.70693919402207,0,"RARG Unique (n=163)"
"Trmt1l",0,1.5142904113394,0,"RARG Unique (n=163)"
"Paxbp1",0,0,0.580608987500075,"Combo Unique (n=173)"
"Stambp",0,0,-2.72829876800044,"Combo Unique (n=173)"
"Hmox2",0,-1.77515201891445,0,"RARG Unique (n=163)"
"Mphosph8",0,0,1.42597518568154,"Combo Unique (n=173)"
"Timm9",0,0,-1.244936613295,"Combo Unique (n=173)"
"Plaa",0,-1.2398006936348,0,"RARG Unique (n=163)"
"Fnip1",0,-0.862897686254367,0,"RARG Unique (n=163)"
"Elac2",0,-2.19049994950762,0,"RARG Unique (n=163)"
"Slk",0,1.5782712221117,0,"RARG Unique (n=163)"
"Tmem181a",0,1.54692507418545,0,"RARG Unique (n=163)"
"1110002L01Rik",0,0,-2.52903174311995,"Combo Unique (n=173)"
"Krt222",0,0,2.17924619049778,"Combo Unique (n=173)"
"Stxbp6",0,0,0.835442809155145,"Combo Unique (n=173)"
"Mapk8ip3",0,-0.552489753404243,0,"RARG Unique (n=163)"
"Mfhas1",0,0,1.31322017143396,"Combo Unique (n=173)"
"Rbck1",0,0,-2.26540500306445,"Combo Unique (n=173)"
"Sh3bgrl3",0,0,-3.78442502620924,"Combo Unique (n=173)"
"Tmem167",0,0,-1.43439017244177,"Combo Unique (n=173)"
"Cystm1",0,-1.65726421389644,0,"RARG Unique (n=163)"
"Spata5",0,1.10940098900885,0,"RARG Unique (n=163)"
"2610507B11Rik",0,0,-1.22848466509128,"Combo Unique (n=173)"
"Phf8",0,-1.24205762790967,0,"RARG Unique (n=163)"
"Slc35f1",0,-0.509226447026055,0,"RARG Unique (n=163)"
"Ppp6r1",0,2.75217513949439,0,"RARG Unique (n=163)"
"Dync1li1",0,-0.735143066368578,0,"RARG Unique (n=163)"
"Nedd8",0,0,-1.63043013995984,"Combo Unique (n=173)"
"Ube3b",0,-1.10189398894559,0,"RARG Unique (n=163)"
"Nmnat3",0,-3.08777707211858,0,"RARG Unique (n=163)"
"Crkl",0,-2.51770104688695,0,"RARG Unique (n=163)"
"Vwc2",0,0,3.82922896512792,"Combo Unique (n=173)"
"Hnrnpm",0,1.04336760726861,0,"RARG Unique (n=163)"
"Cage1",0,-2.55564344964781,0,"RARG Unique (n=163)"
"Ints14",0,-3.09342602740431,0,"RARG Unique (n=163)"
"Ddx54",0,0,-1.11011806200143,"Combo Unique (n=173)"
"Isca2",0,0,-1.94759523950072,"Combo Unique (n=173)"
"Btbd1",0,0,1.03680598835123,"Combo Unique (n=173)"
"Ppib",0,1.04980510256811,0,"RARG Unique (n=163)"
"Mtmr12",0,1.20561965671025,0,"RARG Unique (n=163)"
"Tiam1",0,0,0.888797703838656,"Combo Unique (n=173)"
"Ddah1",0,0,-1.42402578628313,"Combo Unique (n=173)"
"Rhbdd1",0,0,-1.75651723239518,"Combo Unique (n=173)"
"1700024B18Rik",0,3.07648140703037,0,"RARG Unique (n=163)"
"Gm15155",0,-0.621575482749132,0,"RARG Unique (n=163)"
"Mrps28",0,0,2.39939347028258,"Combo Unique (n=173)"
"Nfix",0,1.09225800077509,0,"RARG Unique (n=163)"
"Vdac1",0,0,1.23254664152747,"Combo Unique (n=173)"
"Gm43948",0,0,-1.27849001405434,"Combo Unique (n=173)"
"Paip2",0,0,0.889829493983783,"Combo Unique (n=173)"
"Mpped2",0,1.02682857978599,0,"RARG Unique (n=163)"
"Txndc11",0,0.828884232568332,0,"RARG Unique (n=163)"
"Gaa",0,-1.61172369715775,0,"RARG Unique (n=163)"
"Etv1",0,-0.778875272891774,0,"RARG Unique (n=163)"
"Rnf4",0,-3.33843502460947,0,"RARG Unique (n=163)"
"1700025G04Rik",0,0,0.551950600333227,"Combo Unique (n=173)"
"Sybu",0,0,-0.588007763076984,"Combo Unique (n=173)"
"Anxa11",0,-2.08956898538987,0,"RARG Unique (n=163)"
"Timm23",0,1.63951929101666,0,"RARG Unique (n=163)"
"Rps11",0,0,2.62320715759094,"Combo Unique (n=173)"
"Etfa",0,1.71216773808936,0,"RARG Unique (n=163)"
"Zmym3",0,2.59407264066412,0,"RARG Unique (n=163)"
"Aebp2",0,1.78069528908066,0,"RARG Unique (n=163)"
"Rap2b",0,0,2.19731248087348,"Combo Unique (n=173)"
"Acbd6",0,0,0.646178440825456,"Combo Unique (n=173)"
"Gzf1",0,0,-1.45591524905266,"Combo Unique (n=173)"
"Map3k10",0,0,-1.03150747544793,"Combo Unique (n=173)"
"Ttll11",0,0,0.71409016100042,"Combo Unique (n=173)"
"Snapc4",0,2.23708441263222,0,"RARG Unique (n=163)"
"Csnk1d",0,0,2.03583947904916,"Combo Unique (n=173)"
"Pex1",0,0,1.90983514405311,"Combo Unique (n=173)"
"Eprs",0,0,1.22275983905753,"Combo Unique (n=173)"
"Tbc1d8",0,0,-1.54708645778399,"Combo Unique (n=173)"
"Tango6",0,-1.57333111448234,0,"RARG Unique (n=163)"
"Fsd1l",0,0,1.52588449560865,"Combo Unique (n=173)"
"Gas6",0,0,1.80782800358904,"Combo Unique (n=173)"
"Catsper2",0,0,-1.94324181720659,"Combo Unique (n=173)"
"Hmgn1",0,0,-1.4278319733016,"Combo Unique (n=173)"
"Trmt11",0,0,-1.41910876347888,"Combo Unique (n=173)"
"Utp4",0,0,-1.4798841363536,"Combo Unique (n=173)"
"Vps13c",0,0,0.785074611103858,"Combo Unique (n=173)"
"Ggact",0,0.749972247688848,0,"RARG Unique (n=163)"
"Acp1",0,0,-1.0619014959,"Combo Unique (n=173)"
"Ube2h",0,0,-0.968373240206315,"Combo Unique (n=173)"
"Ddx50",0,0,0.676162068235431,"Combo Unique (n=173)"
"Prpf39",0,-0.865541675498492,0,"RARG Unique (n=163)"
"Galnt9",0,0,-0.917914934200662,"Combo Unique (n=173)"
"Naa35",0,1.88280826841051,0,"RARG Unique (n=163)"
"Styx",0,0,1.87471896467102,"Combo Unique (n=173)"
"Abl1",0,1.19312383317906,0,"RARG Unique (n=163)"
"Tm9sf4",0,0,-1.13114338281529,"Combo Unique (n=173)"
"Fam169a",0,-1.27936065715482,0,"RARG Unique (n=163)"
"Spats2l",0,0,0.893868939534895,"Combo Unique (n=173)"
"Nyap2",0,0,0.52650999562561,"Combo Unique (n=173)"
"A930015D03Rik",0,1.1152769165896,0,"RARG Unique (n=163)"
"Rbms1",0,0,0.768189069911403,"Combo Unique (n=173)"
"Pdzd8",0,0,-1.76328676519027,"Combo Unique (n=173)"
"Elavl1",0,0,1.02604558623945,"Combo Unique (n=173)"
"4930473A02Rik",0,-3.73433671072434,0,"RARG Unique (n=163)"
"Rbm4",0,2.37002804962198,0,"RARG Unique (n=163)"
"Bex2",0,-1.57023200751561,0,"RARG Unique (n=163)"
"Zfat",0,-1.04305474357025,0,"RARG Unique (n=163)"
"Sf3b2",0,0,-0.685882828467818,"Combo Unique (n=173)"
"Hnrnpdl",0,0,0.695966819046032,"Combo Unique (n=173)"
"Cpne8",0,-0.711538214888168,0,"RARG Unique (n=163)"
"Huwe1",0,0,0.587314301836053,"Combo Unique (n=173)"
"Wdr48",0,0,2.30077923787315,"Combo Unique (n=173)"
"Gm1715",0,-2.50345307964596,0,"RARG Unique (n=163)"
"Gm44151",0,-1.00276346986643,0,"RARG Unique (n=163)"
"Phf20",0,-1.18305466376495,0,"RARG Unique (n=163)"
"Tmem50a",0,0,-1.6213366634934,"Combo Unique (n=173)"
"Gtpbp4",0,0,1.96101012055208,"Combo Unique (n=173)"
"Rpl6",0,1.79273751193248,0,"RARG Unique (n=163)"
"Rara",0,0,2.3698601646908,"Combo Unique (n=173)"
"Scamp5",0,1.29555189211092,0,"RARG Unique (n=163)"
"Sltm",0,0,0.972128627576447,"Combo Unique (n=173)"
"Slc38a1",0,0.959227583146855,0,"RARG Unique (n=163)"
"Cyth1",0,0,0.779992871887548,"Combo Unique (n=173)"
"Tub",0,-0.781374819864332,0,"RARG Unique (n=163)"
"Dctn6",0,-5.81642989301394,0,"RARG Unique (n=163)"
"Sorbs1",0,0,0.518257123650121,"Combo Unique (n=173)"
"Tmem165",0,2.51279216516276,0,"RARG Unique (n=163)"
"Gabbr1",0,0,-1.01589544357533,"Combo Unique (n=173)"
"Tro",0,1.13670815493279,0,"RARG Unique (n=163)"
"Nucb2",0,0,-1.58083302227997,"Combo Unique (n=173)"
"Ddx6",0,0,0.90047803820325,"Combo Unique (n=173)"
"Rarg",0,0,1.92390073317745,"Combo Unique (n=173)"
"Rnf150",0,-0.809936583668219,0,"RARG Unique (n=163)"
"Mthfd1",0,2.51808972061808,0,"RARG Unique (n=163)"
"Slc24a5",0,-1.1717491634156,0,"RARG Unique (n=163)"
"Sema5a",0,-1.38967305168233,0,"RARG Unique (n=163)"
"Ankhd1",0,-0.72943591226807,0,"RARG Unique (n=163)"
"Adamts18",0,1.93315513021223,0,"RARG Unique (n=163)"
"Hsph1",0,-1.43368455701232,0,"RARG Unique (n=163)"
"Necap2",0,2.11779120811133,0,"RARG Unique (n=163)"
"Tmtc4",0,-3.38953494843181,0,"RARG Unique (n=163)"
"Rptor",0,0.703092281650329,0,"RARG Unique (n=163)"
"Galnt17",0,-0.540538276658357,0,"RARG Unique (n=163)"
"Jakmip2",0,0,-0.502855763972732,"Combo Unique (n=173)"
"Pdzd2",0,0,0.530378737759155,"Combo Unique (n=173)"
"Nudt21",0,0,-1.62765147709313,"Combo Unique (n=173)"
"Lasp1",0,-1.03353302272836,0,"RARG Unique (n=163)"
"Trit1",0,0,1.10879241484925,"Combo Unique (n=173)"
"Nek1",0,0,0.756619283739098,"Combo Unique (n=173)"
"Cdc42ep3",0,-3.94729493865971,0,"RARG Unique (n=163)"
"Trmt1",0,0,1.40590366184642,"Combo Unique (n=173)"
"Psmd13",0,-2.46816989312568,0,"RARG Unique (n=163)"
"Dctn4",0,0.896837516670647,0,"RARG Unique (n=163)"
"Ubxn2a",0,0,-1.47739647524182,"Combo Unique (n=173)"
"Ninl",0,0,-1.3527285080287,"Combo Unique (n=173)"
"Vps41",0,0,-0.64307824579141,"Combo Unique (n=173)"
"1810062O18Rik",0,0,-1.15079407508028,"Combo Unique (n=173)"
"Nus1",0,-1.62664236051107,0,"RARG Unique (n=163)"
"Aimp1",0,2.01179341885309,0,"RARG Unique (n=163)"
"Grina",0,0,-0.970182814919496,"Combo Unique (n=173)"
"Mtmr6",0,-1.37606064612846,0,"RARG Unique (n=163)"
"Pnpt1",0,0,0.985893587710567,"Combo Unique (n=173)"
"Sesn1",0,0,0.915130652845212,"Combo Unique (n=173)"
"Ndufaf7",0,1.44853551557239,0,"RARG Unique (n=163)"
"Blmh",0,1.69895212628368,0,"RARG Unique (n=163)"
"Usp48",0,0,0.6958185179257,"Combo Unique (n=173)"
"Polr3g",0,0,-1.33373790969114,"Combo Unique (n=173)"
"Efnb2",0,1.71941369782179,0,"RARG Unique (n=163)"
"Htr2a",0,0,-1.3624946812349,"Combo Unique (n=173)"
"Sh3bgrl2",0,0,1.75309010479149,"Combo Unique (n=173)"
"Ndufaf2",0,1.59052721906081,0,"RARG Unique (n=163)"
"Ddb2",0,0,1.79921312903748,"Combo Unique (n=173)"
"Sufu",0,1.91982329876315,0,"RARG Unique (n=163)"
"Dnm2",0,0,1.01235666846835,"Combo Unique (n=173)"
"Dhx29",0,-1.36304330718008,0,"RARG Unique (n=163)"
"Stmn4",0,0,1.17573917761092,"Combo Unique (n=173)"
"Polr3f",0,0,-1.88117592654181,"Combo Unique (n=173)"
"Csnk1g1",0,0,0.66721134884894,"Combo Unique (n=173)"
"Maoa",0,0,-2.93950461902995,"Combo Unique (n=173)"
"Gnl3l",0,-1.32899032202305,0,"RARG Unique (n=163)"
"Fam120a",0,-0.783664584083156,0,"RARG Unique (n=163)"
"Hdgfl2",0,0,-1.50060755024716,"Combo Unique (n=173)"
"Camkk1",0,2.1136064444783,0,"RARG Unique (n=163)"
"Tjap1",0,-1.55725606371653,0,"RARG Unique (n=163)"
"Zdhhc13",0,0,2.57622733075545,"Combo Unique (n=173)"
"Coro2b",0,1.19331497461467,0,"RARG Unique (n=163)"
"Snap47",0,0,-0.942484378159911,"Combo Unique (n=173)"
"Ddhd1",0,0,0.78430565045188,"Combo Unique (n=173)"
"Rpl27a",0,1.70492284016033,0,"RARG Unique (n=163)"
"Ttc39b",0,0.881351707745466,0,"RARG Unique (n=163)"
"Ptk2b",0,0.677020641560816,0,"RARG Unique (n=163)"
"Crppa",0,-1.21349073633655,0,"RARG Unique (n=163)"
"Fam228b",0,-1.17467552491518,0,"RARG Unique (n=163)"
"Aff4",0,0,0.762027757875124,"Combo Unique (n=173)"
"Gm10419",0,0,0.790849616446897,"Combo Unique (n=173)"
"Lars",0,0,1.12331900131708,"Combo Unique (n=173)"
"Frmd3",0,-0.961064669003372,0,"RARG Unique (n=163)"
"Rprd2",0,0,0.978193243056863,"Combo Unique (n=173)"
"Xpo1",0,-1.29572996805847,0,"RARG Unique (n=163)"
"Zbtb26",0,0,-2.70833084989748,"Combo Unique (n=173)"
"1110008P14Rik",0,0.983809808975588,0,"RARG Unique (n=163)"
"Parn",0,0,-1.26582266676744,"Combo Unique (n=173)"
"Cxadr",0,0,1.09704457380211,"Combo Unique (n=173)"
"Bcl7a",0,0,-1.72666762534801,"Combo Unique (n=173)"
"Ube2i",0,-2.56504847697316,0,"RARG Unique (n=163)"
"Prdx6",0,-2.54094816876161,0,"RARG Unique (n=163)"
"Nudcd3",0,0,0.545255636006944,"Combo Unique (n=173)"
"Clcn3",0,0.798031799622154,0,"RARG Unique (n=163)"
"Bhlhe40",0,-1.79632214249489,0,"RARG Unique (n=163)"
"Palmd",0,-0.897270169704032,0,"RARG Unique (n=163)"
"Efna5",0,0,-0.51221862130851,"Combo Unique (n=173)"
"Apopt1",0,0,1.53126269834436,"Combo Unique (n=173)"
"Lmnb1",0,-2.91441271594434,0,"RARG Unique (n=163)"
"Plcl1",0,0,0.572116367839158,"Combo Unique (n=173)"
"Zfp874b",0,0,-1.94733344154247,"Combo Unique (n=173)"
"Suco",0,0,1.20669938059413,"Combo Unique (n=173)"
"Impact",0,-0.753133373085951,0,"RARG Unique (n=163)"
"Hs3st4",0,0,-0.648608993495285,"Combo Unique (n=173)"
"Rpl24",0,0,1.571150065847,"Combo Unique (n=173)"
"Rhobtb3",0,0,-1.27056087080927,"Combo Unique (n=173)"
"Trim44",0,0.565542788740538,0,"RARG Unique (n=163)"
"Tvp23a",0,-2.29025266866845,0,"RARG Unique (n=163)"
"Gfpt1",0,0,1.39052888229475,"Combo Unique (n=173)"
"Nob1",0,-2.80185508772584,0,"RARG Unique (n=163)"
"Sgcd",0,0,-0.510939348663318,"Combo Unique (n=173)"
"Glrx3",0,0,2.20780902193252,"Combo Unique (n=173)"
"Ppig",0,0.983258012314159,0,"RARG Unique (n=163)"
"Dgkd",0,-0.791191312359372,0,"RARG Unique (n=163)"
"Wdr75",0,-1.61719868601249,0,"RARG Unique (n=163)"
"Ndst3",0,0.503445740121779,0,"RARG Unique (n=163)"
"Eif4g3",0,0.504197352121773,0,"RARG Unique (n=163)"
"Igsf8",0,0,-1.17918025179979,"Combo Unique (n=173)"
"Sec16a",0,1.35600113674121,0,"RARG Unique (n=163)"
"Zkscan3",0,1.23443435171037,0,"RARG Unique (n=163)"
"Cdc42",0,0.768588924186726,0,"RARG Unique (n=163)"
"Snx5",0,0,1.70308537107083,"Combo Unique (n=173)"
"Zbtb17",0,-2.07466948150318,0,"RARG Unique (n=163)"
"Fem1b",0,1.7735388535913,0,"RARG Unique (n=163)"
"Nploc4",0,-1.26053939298691,0,"RARG Unique (n=163)"
"4930570B17Rik",0,1.07778494231149,0,"RARG Unique (n=163)"
"Syngap1",0,0,1.01276423165922,"Combo Unique (n=173)"
"Ap3s2",0,-1.8111345334344,0,"RARG Unique (n=163)"
"Hnrnpa2b1",0,0,0.620117181463328,"Combo Unique (n=173)"
"Nf1",0,0,0.624189942207623,"Combo Unique (n=173)"
"Riok2",0,0,-2.71401273714129,"Combo Unique (n=173)"
"Eif4e3",0,-1.65106371460083,0,"RARG Unique (n=163)"
"Shank1",0,0,-0.706602068440579,"Combo Unique (n=173)"
"Pakap.1",0,0,-0.863575426229992,"Combo Unique (n=173)"
"Mob4",0,0,1.68570697886317,"Combo Unique (n=173)"
"Zbtb41",0,0,-1.32071187033891,"Combo Unique (n=173)"
"Zfp653",0,-5.57383275901509,0,"RARG Unique (n=163)"
"Nipa2",0,-1.47117257996692,0,"RARG Unique (n=163)"
"Rogdi",0,0,-2.28181405855396,"Combo Unique (n=173)"
"Pdlim7",0,0,-1.76354904700496,"Combo Unique (n=173)"
"Gatad2b",0,0,0.544603200942877,"Combo Unique (n=173)"
"Fau",0,1.25954793412834,0,"RARG Unique (n=163)"
"Coro1c",0,0,1.53076190580911,"Combo Unique (n=173)"
"Akap7",0,0,0.949365205563351,"Combo Unique (n=173)"
"Zfp407",0,0,0.54274844857377,"Combo Unique (n=173)"
"Aacs",0,-2.0500665135546,0,"RARG Unique (n=163)"
"Cdh7",0,-1.43469722325449,0,"RARG Unique (n=163)"
"Gm48747",0,0,1.07531558071403,"Combo Unique (n=173)"
"Mtmr7",0,-0.882055640664558,0,"RARG Unique (n=163)"
"Syt14",0,-0.661274829252189,0,"RARG Unique (n=163)"
"Usp11",0,-1.1854786463959,0,"RARG Unique (n=163)"
"Cdk7",0,-1.86605235171696,0,"RARG Unique (n=163)"
"Hibadh",0,-1.3446060658944,0,"RARG Unique (n=163)"
"Ncl",0,0,0.622672223978973,"Combo Unique (n=173)"
"Kdm7a",0,-1.19573425486559,0,"RARG Unique (n=163)"
"Vkorc1l1",0,-1.17036799678236,0,"RARG Unique (n=163)"
"Cadm4",0,0.780644305003662,0,"RARG Unique (n=163)"
"Tbc1d24",0,-1.85052149880253,0,"RARG Unique (n=163)"
"Tial1",0,0,0.966988823349188,"Combo Unique (n=173)"
"Wdr36",0,0,-2.38659769931702,"Combo Unique (n=173)"
"Zfp536",0,0,1.19435711729473,"Combo Unique (n=173)"
"Pabpc4",0,0,-2.37966969706222,"Combo Unique (n=173)"
"Aatk",0,-2.78273076265818,0,"RARG Unique (n=163)"
"Ube2w",0,-0.774996388084352,0,"RARG Unique (n=163)"
"Gm48321",0,0,0.785877853602333,"Combo Unique (n=173)"
"Psmb7",0,-2.67730356124353,0,"RARG Unique (n=163)"
"Nudcd1",0,-1.87643755282586,0,"RARG Unique (n=163)"
"Ahdc1",0,0,-1.11691410350161,"Combo Unique (n=173)"
"Hras",0,5.00550957354601,0,"RARG Unique (n=163)"
"Slc25a44",0,4.77623197239941,0,"RARG Unique (n=163)"
"Zfp940",0,4.69320413054126,0,"RARG Unique (n=163)"
"Med17",0,4.7027535653549,0,"RARG Unique (n=163)"
"Prpsap1",0,4.58794976547405,0,"RARG Unique (n=163)"
"Upf1",0,2.39584646064361,0,"RARG Unique (n=163)"
"Aars",0,4.83226376394268,0,"RARG Unique (n=163)"
"Stt3a",0,4.46823513544844,0,"RARG Unique (n=163)"
"Grhl1",0,2.2470419648153,0,"RARG Unique (n=163)"
"Syt12",0,2.80702917186555,0,"RARG Unique (n=163)"
"Zbtb43",0,2.328870943058,0,"RARG Unique (n=163)"
"Slc16a4",0,4.45688223150243,0,"RARG Unique (n=163)"
"Tma16",0,4.48129605614155,0,"RARG Unique (n=163)"
"Zfp866",0,4.28250329202602,0,"RARG Unique (n=163)"
"2510002D24Rik",0,4.3815831736369,0,"RARG Unique (n=163)"
"Rps4x",0,4.40706027786581,0,"RARG Unique (n=163)"
"Dhx8",0,3.10416819863211,0,"RARG Unique (n=163)"
"Fkbp8",0,2.72070105208169,0,"RARG Unique (n=163)"
"Maged1",0,2.55585205606924,0,"RARG Unique (n=163)"
"Nelfa",0,2.27506010830607,0,"RARG Unique (n=163)"
"Ahsa2",0,1.587380538221,0,"RARG Unique (n=163)"
"Slc22a15",0,3.78351741084211,0,"RARG Unique (n=163)"
"1700001L19Rik",0,3.78598896703182,0,"RARG Unique (n=163)"
"Gatad2a",0,0,2.07926106921487,"Combo Unique (n=173)"
"Higd1a",0,0,1.49347783896203,"Combo Unique (n=173)"
"Gm48159",0,0,3.62637234467697,"Combo Unique (n=173)"
"Efcab5",0,0,2.63376486933493,"Combo Unique (n=173)"
"Nudc",0,0,2.40893884151235,"Combo Unique (n=173)"
"Clu",0,0,4.94478453318286,"Combo Unique (n=173)"
"Pak1ip1",0,0,4.65511450277272,"Combo Unique (n=173)"
"Alg6",0,0,4.25360889368594,"Combo Unique (n=173)"
"Ralgds",0,0,2.42414204627986,"Combo Unique (n=173)"
"Tmem132c",0,0,4.52685755580283,"Combo Unique (n=173)"
"Tmem231",0,0,4.28730975123536,"Combo Unique (n=173)"
"Cisd1",0,0,4.82238612530188,"Combo Unique (n=173)"
"Gm36037",0,0,4.78318445373553,"Combo Unique (n=173)"
"Gm19710",0,0,4.62724145014037,"Combo Unique (n=173)"
"Babam1",0,0,4.27878487859068,"Combo Unique (n=173)"
"4933408B17Rik",0,0,4.10304492600677,"Combo Unique (n=173)"
"Tkt",0,0,2.59150085961795,"Combo Unique (n=173)"
"Btf3l4",0,0,1.6438503551039,"Combo Unique (n=173)"
"Lrmda",0,0,1.29978710709752,"Combo Unique (n=173)"
"Bean1",0,0,2.46202844150589,"Combo Unique (n=173)"
"Aco1",0,0,2.36169400521078,"Combo Unique (n=173)"
"Gm48003",0,0,2.53155529851933,"Combo Unique (n=173)"
"Rbbp8",0,0,2.51882092367403,"Combo Unique (n=173)"
"Rtcb",0,0,2.03738838590172,"Combo Unique (n=173)"
